{"cameraMode":{"drawMode":0,"name":"Shaded","section":"Shading Mode"},"sceneLighting":true,"audioPlay":false,"sceneViewState":{"showFog":true,"showMaterialUpdate":false,"showSkybox":true,"showFlares":true,"showImageEffects":true,"showParticleSystems":true},"in2DMode":false,"pivot":{"x":-24.188037872314454,"y":-6.882478713989258,"z":-3.6421303749084474},"rotation":{"x":-0.12881317734718324,"y":0.630277693271637,"z":-0.1070936918258667,"w":-0.7580889463424683},"size":36.798465728759769,"orthographic":false}